股票代码,股票简称,信号日期,信号来源,信号级别,net_profit_positive_3y_latest,pe,pe_lt_30,revenue_growth_yoy,profit_growth_yoy,growth_positive,peg_like_ratio,peg_like_lt_1,error_reason
000062,深圳华强,2025-05-26,AdaptedMAPullbackStrategy,Daily,True,128.7061,False,,,,,,PEG-like not calc: Profit growth invalid or not positive for PEG (nan).; YoY growths not calc: Missing current period or previous year's same period report.
000409,云鼎科技,2025-05-26,RefactoredMultiLevelCrossStrategy,daily,True,52.0185,False,,,,,,PEG-like not calc: Profit growth invalid or not positive for PEG (nan).; YoY growths not calc: Missing current period or previous year's same period report.
000545,金浦钛业,2025-05-26,ChanBreakoutStrategyV8,Daily,False,,,,,,,,3Y Profit: Not all checked recent/annual profits were positive.; PE not calculated: Invalid or non-positive annual profit for PE (-244000000.0).; PEG-like not calc: PE is NaN.; PEG-like not calc: Profit growth invalid or not positive for PEG (nan).; YoY growths not calc: Missing current period or previous year's same period report.
000637,茂化实华,2025-05-26,AdaptedMAPullbackStrategy,Daily,False,,,,,,,,3Y Profit: Not all checked recent/annual profits were positive.; PE not calculated: Invalid or non-positive annual profit for PE (-83383100.0).; PEG-like not calc: PE is NaN.; PEG-like not calc: Profit growth invalid or not positive for PEG (nan).; YoY growths not calc: Missing current period or previous year's same period report.
000681,视觉中国,2025-05-26,RefactoredMultiLevelCrossStrategy,daily,True,118.7058,False,,,,,,PEG-like not calc: Profit growth invalid or not positive for PEG (nan).; YoY growths not calc: Missing current period or previous year's same period report.
000767,晋控电力,2025-05-26,AdaptedMAPullbackStrategy,Daily,False,275.8331,False,,,,,,3Y Profit: Not all checked recent/annual profits were positive.; PEG-like not calc: Profit growth invalid or not positive for PEG (nan).; YoY growths not calc: Missing current period or previous year's same period report.
000777,中核科技,2025-05-26,ChanBreakoutStrategyV8,Daily,True,33.3292,False,,,,,,PEG-like not calc: Profit growth invalid or not positive for PEG (nan).; YoY growths not calc: Missing current period or previous year's same period report.
000966,长源电力,2025-05-26,AdaptedMAPullbackStrategy,Daily,False,19.7456,True,,,,,,3Y Profit: Not all checked recent/annual profits were positive.; PEG-like not calc: Profit growth invalid or not positive for PEG (nan).; YoY growths not calc: Missing current period or previous year's same period report.
001255,博菲电气,2025-05-26,AdaptedMAPullbackStrategy,Daily,True,45.2954,False,,,,,,PEG-like not calc: Profit growth invalid or not positive for PEG (nan).; YoY growths not calc: Missing current period or previous year's same period report.
001316,润贝航科,2025-05-26,AdaptedMAPullbackStrategy,Daily,True,13.2181,True,,,,,,PEG-like not calc: Profit growth invalid or not positive for PEG (nan).; YoY growths not calc: Missing current period or previous year's same period report.
001328,登康口腔,2025-05-26,AdaptedMAPullbackStrategy,Daily,True,12.9817,True,,,,,,PEG-like not calc: Profit growth invalid or not positive for PEG (nan).; YoY growths not calc: Missing current period or previous year's same period report.
001389,广合科技,2025-05-26,RefactoredMultiLevelCrossStrategy,daily,True,10.9593,True,,,,,,PEG-like not calc: Profit growth invalid or not positive for PEG (nan).; YoY growths not calc: Missing current period or previous year's same period report.
002009,天奇股份,2025-05-26,AdaptedMAPullbackStrategy,Daily,False,,,,,,,,3Y Profit: Not all checked recent/annual profits were positive.; PE not calculated: Invalid or non-positive annual profit for PE (-254999999.99999997).; PEG-like not calc: PE is NaN.; PEG-like not calc: Profit growth invalid or not positive for PEG (nan).; YoY growths not calc: Missing current period or previous year's same period report.
002017,东信和平,2025-05-26,RefactoredMultiLevelCrossStrategy,daily,True,30.9123,False,,,,,,PEG-like not calc: Profit growth invalid or not positive for PEG (nan).; YoY growths not calc: Missing current period or previous year's same period report.
002144,宏达高科,2025-05-26,AdaptedMAPullbackStrategy,Daily,True,56.7120,False,,,,,,PEG-like not calc: Profit growth invalid or not positive for PEG (nan).; YoY growths not calc: Missing current period or previous year's same period report.
002194,武汉凡谷,2025-05-26,AdaptedMAPullbackStrategy,Daily,True,141.3726,False,,,,,,PEG-like not calc: Profit growth invalid or not positive for PEG (nan).; YoY growths not calc: Missing current period or previous year's same period report.
002251,步步高,2025-05-26,AdaptedMAPullbackStrategy,Daily,False,6.8964,True,,,,,,3Y Profit: Not all checked recent/annual profits were positive.; PEG-like not calc: Profit growth invalid or not positive for PEG (nan).; YoY growths not calc: Missing current period or previous year's same period report.
002255,海陆重工,2025-05-26,AdaptedMAPullbackStrategy,Daily,True,16.7729,True,,,,,,PEG-like not calc: Profit growth invalid or not positive for PEG (nan).; YoY growths not calc: Missing current period or previous year's same period report.
002297,博云新材,2025-05-26,AdaptedMAPullbackStrategy,Daily,False,,,,,,,,3Y Profit: Not all checked recent/annual profits were positive.; PE not calculated: Invalid or non-positive annual profit for PE (-67229800.0).; PEG-like not calc: PE is NaN.; PEG-like not calc: Profit growth invalid or not positive for PEG (nan).; YoY growths not calc: Missing current period or previous year's same period report.
002317,众生药业,2025-05-26,ChanBreakoutStrategyV8,Daily,False,,,,,,,,3Y Profit: Not all checked recent/annual profits were positive.; PE not calculated: Invalid or non-positive annual profit for PE (-299000000.0).; PEG-like not calc: PE is NaN.; PEG-like not calc: Profit growth invalid or not positive for PEG (nan).; YoY growths not calc: Missing current period or previous year's same period report.
002338,奥普光电,2025-05-26,AdaptedMAPullbackStrategy,Daily,True,157.4643,False,,,,,,PEG-like not calc: Profit growth invalid or not positive for PEG (nan).; YoY growths not calc: Missing current period or previous year's same period report.
002376,新北洋,2025-05-26,ChanBreakoutStrategyV8,Daily,False,116.8169,False,,,,,,3Y Profit: Not all checked recent/annual profits were positive.; PEG-like not calc: Profit growth invalid or not positive for PEG (nan).; YoY growths not calc: Missing current period or previous year's same period report.
002383,合众思壮,2025-05-26,AdaptedMAPullbackStrategy,Daily,False,,,,,,,,3Y Profit: Not all checked recent/annual profits were positive.; PE not calculated: Invalid or non-positive annual profit for PE (-222000000.00000003).; PEG-like not calc: PE is NaN.; PEG-like not calc: Profit growth invalid or not positive for PEG (nan).; YoY growths not calc: Missing current period or previous year's same period report.
002392,北京利尔,2025-05-26,AdaptedMAPullbackStrategy,Daily,True,21.9498,True,,,,,,PEG-like not calc: Profit growth invalid or not positive for PEG (nan).; YoY growths not calc: Missing current period or previous year's same period report.
002413,雷科防务,2025-05-26,AdaptedMAPullbackStrategy,Daily,False,,,,,,,,3Y Profit: Not all checked recent/annual profits were positive.; PE not calculated: Invalid or non-positive annual profit for PE (-396000000.0).; PEG-like not calc: PE is NaN.; PEG-like not calc: Profit growth invalid or not positive for PEG (nan).; YoY growths not calc: Missing current period or previous year's same period report.
002533,金杯电工,2025-05-26,RefactoredMultiLevelCrossStrategy,daily,True,11.5884,True,,,,,,PEG-like not calc: Profit growth invalid or not positive for PEG (nan).; YoY growths not calc: Missing current period or previous year's same period report.
002564,天沃科技,2025-05-26,AdaptedMAPullbackStrategy,Daily,False,199.8588,False,,,,,,3Y Profit: Not all checked recent/annual profits were positive.; PEG-like not calc: Profit growth invalid or not positive for PEG (nan).; YoY growths not calc: Missing current period or previous year's same period report.
002584,西陇科学,2025-05-26,AdaptedMAPullbackStrategy,Daily,True,75.6096,False,,,,,,PEG-like not calc: Profit growth invalid or not positive for PEG (nan).; YoY growths not calc: Missing current period or previous year's same period report.
002586,*ST围海,2025-05-26,AdaptedMAPullbackStrategy,Daily,False,,,,,,,,3Y Profit: Not all checked recent/annual profits were positive.; PE not calculated: Invalid or non-positive annual profit for PE (-151000000.0).; PEG-like not calc: PE is NaN.; PEG-like not calc: Profit growth invalid or not positive for PEG (nan).; YoY growths not calc: Missing current period or previous year's same period report.
002598,山东章鼓,2025-05-26,AdaptedMAPullbackStrategy,Daily,True,41.5824,False,,,,,,PEG-like not calc: Profit growth invalid or not positive for PEG (nan).; YoY growths not calc: Missing current period or previous year's same period report.
002605,姚记科技,2025-05-26,RefactoredMultiLevelCrossStrategy,daily,True,17.2518,True,,,,,,PEG-like not calc: Profit growth invalid or not positive for PEG (nan).; YoY growths not calc: Missing current period or previous year's same period report.
002616,长青集团,2025-05-26,ChanBreakoutStrategyV8,Daily,True,13.6053,True,,,,,,PEG-like not calc: Profit growth invalid or not positive for PEG (nan).; YoY growths not calc: Missing current period or previous year's same period report.
002640,跨境通,2025-05-26,AdaptedMAPullbackStrategy,Daily,False,,,,,,,,3Y Profit: Not all checked recent/annual profits were positive.; PE not calculated: Invalid or non-positive annual profit for PE (-479000000.0).; PEG-like not calc: PE is NaN.; PEG-like not calc: Profit growth invalid or not positive for PEG (nan).; YoY growths not calc: Missing current period or previous year's same period report.
002658,雪迪龙,2025-05-26,RefactoredMultiLevelCrossStrategy,daily,True,14.8965,True,,,,,,PEG-like not calc: Profit growth invalid or not positive for PEG (nan).; YoY growths not calc: Missing current period or previous year's same period report.
002689,远大智能,2025-05-26,AdaptedMAPullbackStrategy,Daily,False,224.1220,False,,,,,,3Y Profit: Not all checked recent/annual profits were positive.; PEG-like not calc: Profit growth invalid or not positive for PEG (nan).; YoY growths not calc: Missing current period or previous year's same period report.
002785,万里石,2025-05-26,ChanBreakoutStrategyV8,Daily,False,,,,,,,,3Y Profit: Not all checked recent/annual profits were positive.; PE not calculated: Invalid or non-positive annual profit for PE (-54441000.0).; PEG-like not calc: PE is NaN.; PEG-like not calc: Profit growth invalid or not positive for PEG (nan).; YoY growths not calc: Missing current period or previous year's same period report.
002819,东方中科,2025-05-26,AdaptedMAPullbackStrategy,Daily,False,,,,,,,,3Y Profit: Not all checked recent/annual profits were positive.; PE not calculated: Invalid or non-positive annual profit for PE (-209000000.0).; PEG-like not calc: PE is NaN.; PEG-like not calc: Profit growth invalid or not positive for PEG (nan).; YoY growths not calc: Missing current period or previous year's same period report.
002825,纳尔股份,2025-05-26,AdaptedMAPullbackStrategy,Daily,True,22.3052,True,,,,,,PEG-like not calc: Profit growth invalid or not positive for PEG (nan).; YoY growths not calc: Missing current period or previous year's same period report.
002835,同为股份,2025-05-26,RefactoredMultiLevelCrossStrategy,daily,True,11.9542,True,,,,,,PEG-like not calc: Profit growth invalid or not positive for PEG (nan).; YoY growths not calc: Missing current period or previous year's same period report.
002836,新宏泽,2025-05-26,AdaptedMAPullbackStrategy,Daily,True,33.3600,False,,,,,,PEG-like not calc: Profit growth invalid or not positive for PEG (nan).; YoY growths not calc: Missing current period or previous year's same period report.
002847,盐津铺子,2025-05-26,AdaptedMAPullbackStrategy,Daily,True,34.2716,False,,,,,,PEG-like not calc: Profit growth invalid or not positive for PEG (nan).; YoY growths not calc: Missing current period or previous year's same period report.
002860,星帅尔,2025-05-26,AdaptedMAPullbackStrategy,Daily,True,30.2006,False,,,,,,PEG-like not calc: Profit growth invalid or not positive for PEG (nan).; YoY growths not calc: Missing current period or previous year's same period report.
002892,科力尔,2025-05-26,AdaptedMAPullbackStrategy,Daily,True,109.6936,False,,,,,,PEG-like not calc: Profit growth invalid or not positive for PEG (nan).; YoY growths not calc: Missing current period or previous year's same period report.
002909,集泰股份,2025-05-26,AdaptedMAPullbackStrategy,Daily,False,124.9197,False,,,,,,3Y Profit: Not all checked recent/annual profits were positive.; PEG-like not calc: Profit growth invalid or not positive for PEG (nan).; YoY growths not calc: Missing current period or previous year's same period report.
002922,伊戈尔,2025-05-26,RefactoredMultiLevelCrossStrategy,daily,True,20.7549,True,,,,,,PEG-like not calc: Profit growth invalid or not positive for PEG (nan).; YoY growths not calc: Missing current period or previous year's same period report.
002949,华阳国际,2025-05-26,RefactoredMultiLevelCrossStrategy,daily,True,16.9725,True,,,,,,PEG-like not calc: Profit growth invalid or not positive for PEG (nan).; YoY growths not calc: Missing current period or previous year's same period report.
002973,侨银股份,2025-05-26,AdaptedMAPullbackStrategy,Daily,True,8.9327,True,,,,,,PEG-like not calc: Profit growth invalid or not positive for PEG (nan).; YoY growths not calc: Missing current period or previous year's same period report.
002981,朝阳科技,2025-05-26,AdaptedMAPullbackStrategy,Daily,True,25.3636,True,,,,,,PEG-like not calc: Profit growth invalid or not positive for PEG (nan).; YoY growths not calc: Missing current period or previous year's same period report.
003003,天元股份,2025-05-26,AdaptedMAPullbackStrategy,Daily,False,22.3588,True,,,,,,3Y Profit: Not all checked recent/annual profits were positive.; PEG-like not calc: Profit growth invalid or not positive for PEG (nan).; YoY growths not calc: Missing current period or previous year's same period report.
003006,百亚股份,2025-05-26,AdaptedMAPullbackStrategy,Daily,True,47.4932,False,,,,,,PEG-like not calc: Profit growth invalid or not positive for PEG (nan).; YoY growths not calc: Missing current period or previous year's same period report.
003017,大洋生物,2025-05-26,AdaptedMAPullbackStrategy,Daily,True,26.6886,True,,,,,,PEG-like not calc: Profit growth invalid or not positive for PEG (nan).; YoY growths not calc: Missing current period or previous year's same period report.
003036,泰坦股份,2025-05-26,AdaptedMAPullbackStrategy,Daily,True,33.4354,False,,,,,,PEG-like not calc: Profit growth invalid or not positive for PEG (nan).; YoY growths not calc: Missing current period or previous year's same period report.
003039,顺控发展,2025-05-26,RefactoredMultiLevelCrossStrategy,daily,True,32.3727,False,,,,,,PEG-like not calc: Profit growth invalid or not positive for PEG (nan).; YoY growths not calc: Missing current period or previous year's same period report.
300032,金龙机电,2025-05-26,AdaptedMAPullbackStrategy,Daily,False,,,,,,,,3Y Profit: Not all checked recent/annual profits were positive.; PE not calculated: Invalid or non-positive annual profit for PE (-121000000.0).; PEG-like not calc: PE is NaN.; PEG-like not calc: Profit growth invalid or not positive for PEG (nan).; YoY growths not calc: Missing current period or previous year's same period report.
300040,九洲集团,2025-05-26,AdaptedMAPullbackStrategy,Daily,False,,,,,,,,3Y Profit: Not all checked recent/annual profits were positive.; PE not calculated: Invalid or non-positive annual profit for PE (-545000000.0).; PEG-like not calc: PE is NaN.; PEG-like not calc: Profit growth invalid or not positive for PEG (nan).; YoY growths not calc: Missing current period or previous year's same period report.
300047,天源迪科,2025-05-26,AdaptedMAPullbackStrategy,Daily,True,348.6242,False,,,,,,PEG-like not calc: Profit growth invalid or not positive for PEG (nan).; YoY growths not calc: Missing current period or previous year's same period report.
300049,福瑞股份,2025-05-26,RefactoredMultiLevelCrossStrategy,daily,True,65.7189,False,,,,,,PEG-like not calc: Profit growth invalid or not positive for PEG (nan).; YoY growths not calc: Missing current period or previous year's same period report.
300091,金通灵,2025-05-26,AdaptedMAPullbackStrategy,Daily,False,,,,,,,,3Y Profit: Not all checked recent/annual profits were positive.; PE not calculated: Invalid or non-positive annual profit for PE (-1314000000.0).; PEG-like not calc: PE is NaN.; PEG-like not calc: Profit growth invalid or not positive for PEG (nan).; YoY growths not calc: Missing current period or previous year's same period report.
300092,科新机电,2025-05-26,ChanBreakoutStrategyV8,Daily,True,16.6263,True,,,,,,PEG-like not calc: Profit growth invalid or not positive for PEG (nan).; YoY growths not calc: Missing current period or previous year's same period report.
300132,青松股份,2025-05-26,AdaptedMAPullbackStrategy,Daily,False,58.6227,False,,,,,,3Y Profit: Not all checked recent/annual profits were positive.; PEG-like not calc: Profit growth invalid or not positive for PEG (nan).; YoY growths not calc: Missing current period or previous year's same period report.
300209,*ST有树,2025-05-26,AdaptedMAPullbackStrategy,Daily,False,48.2153,False,,,,,,3Y Profit: Not all checked recent/annual profits were positive.; PEG-like not calc: Profit growth invalid or not positive for PEG (nan).; YoY growths not calc: Missing current period or previous year's same period report.
300322,硕贝德,2025-05-26,AdaptedMAPullbackStrategy,Daily,False,,,,,,,,3Y Profit: Not all checked recent/annual profits were positive.; PE not calculated: Invalid or non-positive annual profit for PE (-64459000.0).; PEG-like not calc: PE is NaN.; PEG-like not calc: Profit growth invalid or not positive for PEG (nan).; YoY growths not calc: Missing current period or previous year's same period report.
300368,ST汇金,2025-05-26,AdaptedMAPullbackStrategy,Daily,False,,,,,,,,3Y Profit: Not all checked recent/annual profits were positive.; PE not calculated: Invalid or non-positive annual profit for PE (-270000000.0).; PEG-like not calc: PE is NaN.; PEG-like not calc: Profit growth invalid or not positive for PEG (nan).; YoY growths not calc: Missing current period or previous year's same period report.
300402,宝色股份,2025-05-26,RefactoredMultiLevelCrossStrategy,daily,True,63.0092,False,,,,,,PEG-like not calc: Profit growth invalid or not positive for PEG (nan).; YoY growths not calc: Missing current period or previous year's same period report.
300476,胜宏科技,2025-05-26,RefactoredMultiLevelCrossStrategy,daily,True,59.4388,False,,,,,,PEG-like not calc: Profit growth invalid or not positive for PEG (nan).; YoY growths not calc: Missing current period or previous year's same period report.
300493,润欣科技,2025-05-26,RefactoredMultiLevelCrossStrategy,daily,True,285.5925,False,,,,,,PEG-like not calc: Profit growth invalid or not positive for PEG (nan).; YoY growths not calc: Missing current period or previous year's same period report.
300494,盛天网络,2025-05-26,ChanBreakoutStrategyV8,Daily,False,,,,,,,,3Y Profit: Not all checked recent/annual profits were positive.; PE not calculated: Invalid or non-positive annual profit for PE (-261000000.0).; PEG-like not calc: PE is NaN.; PEG-like not calc: Profit growth invalid or not positive for PEG (nan).; YoY growths not calc: Missing current period or previous year's same period report.
300531,优博讯,2025-05-26,AdaptedMAPullbackStrategy,Daily,False,,,,,,,,3Y Profit: Not all checked recent/annual profits were positive.; PE not calculated: Invalid or non-positive annual profit for PE (-150000000.0).; PEG-like not calc: PE is NaN.; PEG-like not calc: Profit growth invalid or not positive for PEG (nan).; YoY growths not calc: Missing current period or previous year's same period report.
300656,民德电子,2025-05-26,ChanBreakoutStrategyV8,Daily,False,,,,,,,,3Y Profit: Not all checked recent/annual profits were positive.; PE not calculated: Invalid or non-positive annual profit for PE (-113999999.99999999).; PEG-like not calc: PE is NaN.; PEG-like not calc: Profit growth invalid or not positive for PEG (nan).; YoY growths not calc: Missing current period or previous year's same period report.
300678,中科信息,2025-05-26,RefactoredMultiLevelCrossStrategy,daily,True,1046.9852,False,,,,,,PEG-like not calc: Profit growth invalid or not positive for PEG (nan).; YoY growths not calc: Missing current period or previous year's same period report.
300698,万马科技,2025-05-26,RefactoredMultiLevelCrossStrategy,daily,True,101.6219,False,,,,,,PEG-like not calc: Profit growth invalid or not positive for PEG (nan).; YoY growths not calc: Missing current period or previous year's same period report.
300730,科创信息,2025-05-26,RefactoredMultiLevelCrossStrategy,daily,False,,,,,,,,3Y Profit: Not all checked recent/annual profits were positive.; PE not calculated: Invalid or non-positive annual profit for PE (-63823000.0).; PEG-like not calc: PE is NaN.; PEG-like not calc: Profit growth invalid or not positive for PEG (nan).; YoY growths not calc: Missing current period or previous year's same period report.
300758,七彩化学,2025-05-26,AdaptedMAPullbackStrategy,Daily,False,45.4186,False,,,,,,3Y Profit: Not all checked recent/annual profits were positive.; PEG-like not calc: Profit growth invalid or not positive for PEG (nan).; YoY growths not calc: Missing current period or previous year's same period report.
300771,智莱科技,2025-05-26,AdaptedMAPullbackStrategy,Daily,True,59.2149,False,,,,,,PEG-like not calc: Profit growth invalid or not positive for PEG (nan).; YoY growths not calc: Missing current period or previous year's same period report.
300804,广康生化,2025-05-26,AdaptedMAPullbackStrategy,Daily,True,21.0565,True,,,,,,PEG-like not calc: Profit growth invalid or not positive for PEG (nan).; YoY growths not calc: Missing current period or previous year's same period report.
300824,北鼎股份,2025-05-26,AdaptedMAPullbackStrategy,Daily,True,54.3049,False,,,,,,PEG-like not calc: Profit growth invalid or not positive for PEG (nan).; YoY growths not calc: Missing current period or previous year's same period report.
300860,锋尚文化,2025-05-26,RefactoredMultiLevelCrossStrategy,daily,False,71.0187,False,,,,,,3Y Profit: Not all checked recent/annual profits were positive.; PEG-like not calc: Profit growth invalid or not positive for PEG (nan).; YoY growths not calc: Missing current period or previous year's same period report.
300875,捷强装备,2025-05-26,AdaptedMAPullbackStrategy,Daily,False,,,,,,,,3Y Profit: Not all checked recent/annual profits were positive.; PE not calculated: Invalid or non-positive annual profit for PE (-278000000.0).; PEG-like not calc: PE is NaN.; PEG-like not calc: Profit growth invalid or not positive for PEG (nan).; YoY growths not calc: Missing current period or previous year's same period report.
300884,狄耐克,2025-05-26,AdaptedMAPullbackStrategy,Daily,False,,,,,,,,3Y Profit: Not all checked recent/annual profits were positive.; PE not calculated: Invalid or non-positive annual profit for PE (-12887600.0).; PEG-like not calc: PE is NaN.; PEG-like not calc: Profit growth invalid or not positive for PEG (nan).; YoY growths not calc: Missing current period or previous year's same period report.
300911,亿田智能,2025-05-26,AdaptedMAPullbackStrategy,Daily,False,242.0946,False,,,,,,3Y Profit: Not all checked recent/annual profits were positive.; PEG-like not calc: Profit growth invalid or not positive for PEG (nan).; YoY growths not calc: Missing current period or previous year's same period report.
300918,南山智尚,2025-05-26,AdaptedMAPullbackStrategy,Daily,True,47.0455,False,,,,,,PEG-like not calc: Profit growth invalid or not positive for PEG (nan).; YoY growths not calc: Missing current period or previous year's same period report.
300923,研奥股份,2025-05-26,AdaptedMAPullbackStrategy,Daily,True,42.3451,False,,,,,,PEG-like not calc: Profit growth invalid or not positive for PEG (nan).; YoY growths not calc: Missing current period or previous year's same period report.
300947,德必集团,2025-05-26,AdaptedMAPullbackStrategy,Daily,True,93.6236,False,,,,,,PEG-like not calc: Profit growth invalid or not positive for PEG (nan).; YoY growths not calc: Missing current period or previous year's same period report.
300994,久祺股份,2025-05-26,AdaptedMAPullbackStrategy,Daily,True,15.7399,True,,,,,,PEG-like not calc: Profit growth invalid or not positive for PEG (nan).; YoY growths not calc: Missing current period or previous year's same period report.
301008,宏昌科技,2025-05-26,AdaptedMAPullbackStrategy,Daily,True,47.9429,False,,,,,,PEG-like not calc: Profit growth invalid or not positive for PEG (nan).; YoY growths not calc: Missing current period or previous year's same period report.
301042,安联锐视,2025-05-26,RefactoredMultiLevelCrossStrategy,daily,True,31.6245,False,,,,,,PEG-like not calc: Profit growth invalid or not positive for PEG (nan).; YoY growths not calc: Missing current period or previous year's same period report.
301057,汇隆新材,2025-05-26,AdaptedMAPullbackStrategy,Daily,True,42.8153,False,,,,,,PEG-like not calc: Profit growth invalid or not positive for PEG (nan).; YoY growths not calc: Missing current period or previous year's same period report.
301066,万事利,2025-05-26,AdaptedMAPullbackStrategy,Daily,False,87.0061,False,,,,,,3Y Profit: Not all checked recent/annual profits were positive.; PEG-like not calc: Profit growth invalid or not positive for PEG (nan).; YoY growths not calc: Missing current period or previous year's same period report.
301088,戎美股份,2025-05-26,AdaptedMAPullbackStrategy,Daily,True,24.6999,True,,,,,,PEG-like not calc: Profit growth invalid or not positive for PEG (nan).; YoY growths not calc: Missing current period or previous year's same period report.
301196,唯科科技,2025-05-26,AdaptedMAPullbackStrategy,Daily,True,18.2430,True,,,,,,PEG-like not calc: Profit growth invalid or not positive for PEG (nan).; YoY growths not calc: Missing current period or previous year's same period report.
301225,恒勃股份,2025-05-26,AdaptedMAPullbackStrategy,Daily,True,12.9160,True,,,,,,PEG-like not calc: Profit growth invalid or not positive for PEG (nan).; YoY growths not calc: Missing current period or previous year's same period report.
301302,华如科技,2025-05-26,AdaptedMAPullbackStrategy,Daily,False,,,,,,,,3Y Profit: Not all checked recent/annual profits were positive.; PE not calculated: Invalid or non-positive annual profit for PE (-354000000.0).; PEG-like not calc: PE is NaN.; PEG-like not calc: Profit growth invalid or not positive for PEG (nan).; YoY growths not calc: Missing current period or previous year's same period report.
301307,美利信,2025-05-26,RefactoredMultiLevelCrossStrategy,daily,False,,,,,,,,3Y Profit: Not all checked recent/annual profits were positive.; PE not calculated: Invalid or non-positive annual profit for PE (-164000000.0).; PEG-like not calc: PE is NaN.; PEG-like not calc: Profit growth invalid or not positive for PEG (nan).; YoY growths not calc: Missing current period or previous year's same period report.
301311,昆船智能,2025-05-26,AdaptedMAPullbackStrategy,Daily,False,253.6295,False,,,,,,3Y Profit: Not all checked recent/annual profits were positive.; PEG-like not calc: Profit growth invalid or not positive for PEG (nan).; YoY growths not calc: Missing current period or previous year's same period report.
301339,通行宝,2025-05-26,RefactoredMultiLevelCrossStrategy,daily,True,13.2583,True,,,,,,PEG-like not calc: Profit growth invalid or not positive for PEG (nan).; YoY growths not calc: Missing current period or previous year's same period report.
301370,国科恒泰,2025-05-26,RefactoredMultiLevelCrossStrategy,daily,False,26.1489,True,,,,,,3Y Profit: Not all checked recent/annual profits were positive.; PEG-like not calc: Profit growth invalid or not positive for PEG (nan).; YoY growths not calc: Missing current period or previous year's same period report.
301376,致欧科技,2025-05-26,AdaptedMAPullbackStrategy,Daily,True,11.2772,True,,,,,,PEG-like not calc: Profit growth invalid or not positive for PEG (nan).; YoY growths not calc: Missing current period or previous year's same period report.
301525,儒竞科技,2025-05-26,AdaptedMAPullbackStrategy,Daily,True,23.0818,True,,,,,,PEG-like not calc: Profit growth invalid or not positive for PEG (nan).; YoY growths not calc: Missing current period or previous year's same period report.
301535,浙江华远,2025-05-26,AdaptedMAPullbackStrategy,Daily,True,11.6449,True,,,,,,PEG-like not calc: Profit growth invalid or not positive for PEG (nan).; YoY growths not calc: Missing current period or previous year's same period report.
301536,星宸科技,2025-05-26,RefactoredMultiLevelCrossStrategy,daily,True,46.6350,False,,,,,,PEG-like not calc: Profit growth invalid or not positive for PEG (nan).; YoY growths not calc: Missing current period or previous year's same period report.
301559,中集环科,2025-05-26,AdaptedMAPullbackStrategy,Daily,True,4.8376,True,,,,,,PEG-like not calc: Profit growth invalid or not positive for PEG (nan).; YoY growths not calc: Missing current period or previous year's same period report.
301598,博科测试,2025-05-26,RefactoredMultiLevelCrossStrategy,daily,True,8.9362,True,,,,,,PEG-like not calc: Profit growth invalid or not positive for PEG (nan).; YoY growths not calc: Missing current period or previous year's same period report.
600051,宁波联合,2025-05-26,AdaptedMAPullbackStrategy,Daily,True,27.2136,True,,,,,,PEG-like not calc: Profit growth invalid or not positive for PEG (nan).; YoY growths not calc: Missing current period or previous year's same period report.
600053,九鼎投资,2025-05-26,AdaptedMAPullbackStrategy,Daily,False,,,,,,,,3Y Profit: Not all checked recent/annual profits were positive.; PE not calculated: Invalid or non-positive annual profit for PE (-268000000.00000003).; PEG-like not calc: PE is NaN.; PEG-like not calc: Profit growth invalid or not positive for PEG (nan).; YoY growths not calc: Missing current period or previous year's same period report.
600100,同方股份,2025-05-26,RefactoredMultiLevelCrossStrategy,daily,False,169.7941,False,,,,,,3Y Profit: Not all checked recent/annual profits were positive.; PEG-like not calc: Profit growth invalid or not positive for PEG (nan).; YoY growths not calc: Missing current period or previous year's same period report.
600106,重庆路桥,2025-05-26,ChanBreakoutStrategyV8,Daily,True,49.8268,False,,,,,,PEG-like not calc: Profit growth invalid or not positive for PEG (nan).; YoY growths not calc: Missing current period or previous year's same period report.
600303,曙光股份,2025-05-26,AdaptedMAPullbackStrategy,Daily,False,,,,,,,,3Y Profit: Not all checked recent/annual profits were positive.; PE not calculated: Invalid or non-positive annual profit for PE (-341000000.0).; PEG-like not calc: PE is NaN.; PEG-like not calc: Profit growth invalid or not positive for PEG (nan).; YoY growths not calc: Missing current period or previous year's same period report.
600343,航天动力,2025-05-26,AdaptedMAPullbackStrategy,Daily,False,,,,,,,,3Y Profit: Not all checked recent/annual profits were positive.; PE not calculated: Invalid or non-positive annual profit for PE (-187000000.0).; PEG-like not calc: PE is NaN.; PEG-like not calc: Profit growth invalid or not positive for PEG (nan).; YoY growths not calc: Missing current period or previous year's same period report.
600396,华电辽能,2025-05-26,AdaptedMAPullbackStrategy,Daily,False,54.8633,False,,,,,,3Y Profit: Not all checked recent/annual profits were positive.; PEG-like not calc: Profit growth invalid or not positive for PEG (nan).; YoY growths not calc: Missing current period or previous year's same period report.
600439,瑞贝卡,2025-05-26,RefactoredMultiLevelCrossStrategy,daily,False,,,,,,,,3Y Profit: Not all checked recent/annual profits were positive.; PE not calculated: Invalid or non-positive annual profit for PE (-118000000.0).; PEG-like not calc: PE is NaN.; PEG-like not calc: Profit growth invalid or not positive for PEG (nan).; YoY growths not calc: Missing current period or previous year's same period report.
600505,西昌电力,2025-05-26,AdaptedMAPullbackStrategy,Daily,False,699.5089,False,,,,,,3Y Profit: Not all checked recent/annual profits were positive.; PEG-like not calc: Profit growth invalid or not positive for PEG (nan).; YoY growths not calc: Missing current period or previous year's same period report.
600744,华银电力,2025-05-26,AdaptedMAPullbackStrategy,Daily,False,,,,,,,,3Y Profit: Not all checked recent/annual profits were positive.; PE not calculated: Invalid or non-positive annual profit for PE (-112999999.99999999).; PEG-like not calc: PE is NaN.; PEG-like not calc: Profit growth invalid or not positive for PEG (nan).; YoY growths not calc: Missing current period or previous year's same period report.
600751,海航科技,2025-05-26,RefactoredMultiLevelCrossStrategy,daily,True,61.1295,False,,,,,,PEG-like not calc: Profit growth invalid or not positive for PEG (nan).; YoY growths not calc: Missing current period or previous year's same period report.
600756,浪潮软件,2025-05-26,RefactoredMultiLevelCrossStrategy,daily,False,365.6911,False,,,,,,3Y Profit: Not all checked recent/annual profits were positive.; PEG-like not calc: Profit growth invalid or not positive for PEG (nan).; YoY growths not calc: Missing current period or previous year's same period report.
600774,汉商集团,2025-05-26,AdaptedMAPullbackStrategy,Daily,False,,,,,,,,3Y Profit: Not all checked recent/annual profits were positive.; PE not calculated: Invalid or non-positive annual profit for PE (-14587200.0).; PEG-like not calc: PE is NaN.; PEG-like not calc: Profit growth invalid or not positive for PEG (nan).; YoY growths not calc: Missing current period or previous year's same period report.
600790,轻纺城,2025-05-26,AdaptedMAPullbackStrategy,Daily,True,38.9837,False,,,,,,PEG-like not calc: Profit growth invalid or not positive for PEG (nan).; YoY growths not calc: Missing current period or previous year's same period report.
600790,轻纺城,2025-05-26,RefactoredMultiLevelCrossStrategy,daily,True,38.9837,False,,,,,,PEG-like not calc: Profit growth invalid or not positive for PEG (nan).; YoY growths not calc: Missing current period or previous year's same period report.
600855,航天长峰,2025-05-26,AdaptedMAPullbackStrategy,Daily,False,,,,,,,,3Y Profit: Not all checked recent/annual profits were positive.; PE not calculated: Invalid or non-positive annual profit for PE (-246000000.0).; PEG-like not calc: PE is NaN.; PEG-like not calc: Profit growth invalid or not positive for PEG (nan).; YoY growths not calc: Missing current period or previous year's same period report.
601008,连云港,2025-05-26,AdaptedMAPullbackStrategy,Daily,True,42.4303,False,,,,,,PEG-like not calc: Profit growth invalid or not positive for PEG (nan).; YoY growths not calc: Missing current period or previous year's same period report.
601083,锦江航运,2025-05-26,AdaptedMAPullbackStrategy,Daily,True,2.2523,True,,,,,,PEG-like not calc: Profit growth invalid or not positive for PEG (nan).; YoY growths not calc: Missing current period or previous year's same period report.
601086,国芳集团,2025-05-26,AdaptedMAPullbackStrategy,Daily,True,146.1171,False,,,,,,PEG-like not calc: Profit growth invalid or not positive for PEG (nan).; YoY growths not calc: Missing current period or previous year's same period report.
601399,国机重装,2025-05-26,RefactoredMultiLevelCrossStrategy,daily,True,51.6278,False,,,,,,PEG-like not calc: Profit growth invalid or not positive for PEG (nan).; YoY growths not calc: Missing current period or previous year's same period report.
601611,中国核建,2025-05-26,RefactoredMultiLevelCrossStrategy,daily,True,13.6536,True,,,,,,PEG-like not calc: Profit growth invalid or not positive for PEG (nan).; YoY growths not calc: Missing current period or previous year's same period report.
601700,风范股份,2025-05-26,RefactoredMultiLevelCrossStrategy,daily,False,54.6691,False,,,,,,3Y Profit: Not all checked recent/annual profits were positive.; PEG-like not calc: Profit growth invalid or not positive for PEG (nan).; YoY growths not calc: Missing current period or previous year's same period report.
601858,中国科传,2025-05-26,RefactoredMultiLevelCrossStrategy,daily,True,37.1780,False,,,,,,PEG-like not calc: Profit growth invalid or not positive for PEG (nan).; YoY growths not calc: Missing current period or previous year's same period report.
603004,鼎龙科技,2025-05-26,ChanBreakoutStrategyV8,Daily,True,8.0417,True,,,,,,PEG-like not calc: Profit growth invalid or not positive for PEG (nan).; YoY growths not calc: Missing current period or previous year's same period report.
603065,宿迁联盛,2025-05-26,AdaptedMAPullbackStrategy,Daily,True,44.6096,False,,,,,,PEG-like not calc: Profit growth invalid or not positive for PEG (nan).; YoY growths not calc: Missing current period or previous year's same period report.
603068,博通集成,2025-05-26,RefactoredMultiLevelCrossStrategy,daily,False,,,,,,,,3Y Profit: Not all checked recent/annual profits were positive.; PE not calculated: Invalid or non-positive annual profit for PE (-24724899.999999996).; PEG-like not calc: PE is NaN.; PEG-like not calc: Profit growth invalid or not positive for PEG (nan).; YoY growths not calc: Missing current period or previous year's same period report.
603102,百合股份,2025-05-26,AdaptedMAPullbackStrategy,Daily,True,11.6140,True,,,,,,PEG-like not calc: Profit growth invalid or not positive for PEG (nan).; YoY growths not calc: Missing current period or previous year's same period report.
603119,浙江荣泰,2025-05-26,AdaptedMAPullbackStrategy,Daily,True,37.9243,False,,,,,,PEG-like not calc: Profit growth invalid or not positive for PEG (nan).; YoY growths not calc: Missing current period or previous year's same period report.
603139,康惠制药,2025-05-26,AdaptedMAPullbackStrategy,Daily,False,,,,,,,,3Y Profit: Not all checked recent/annual profits were positive.; PE not calculated: Invalid or non-positive annual profit for PE (-89625500.0).; PEG-like not calc: PE is NaN.; PEG-like not calc: Profit growth invalid or not positive for PEG (nan).; YoY growths not calc: Missing current period or previous year's same period report.
603166,福达股份,2025-05-26,AdaptedMAPullbackStrategy,Daily,True,52.8846,False,,,,,,PEG-like not calc: Profit growth invalid or not positive for PEG (nan).; YoY growths not calc: Missing current period or previous year's same period report.
603237,五芳斋,2025-05-26,RefactoredMultiLevelCrossStrategy,daily,False,18.0123,True,,,,,,3Y Profit: Not all checked recent/annual profits were positive.; PEG-like not calc: Profit growth invalid or not positive for PEG (nan).; YoY growths not calc: Missing current period or previous year's same period report.
603258,电魂网络,2025-05-26,RefactoredMultiLevelCrossStrategy,daily,True,163.4069,False,,,,,,PEG-like not calc: Profit growth invalid or not positive for PEG (nan).; YoY growths not calc: Missing current period or previous year's same period report.
603286,日盈电子,2025-05-26,AdaptedMAPullbackStrategy,Daily,False,329.8301,False,,,,,,3Y Profit: Not all checked recent/annual profits were positive.; PEG-like not calc: Profit growth invalid or not positive for PEG (nan).; YoY growths not calc: Missing current period or previous year's same period report.
603313,梦百合,2025-05-26,AdaptedMAPullbackStrategy,Daily,False,,,,,,,,3Y Profit: Not all checked recent/annual profits were positive.; PE not calculated: Invalid or non-positive annual profit for PE (-151000000.0).; PEG-like not calc: PE is NaN.; PEG-like not calc: Profit growth invalid or not positive for PEG (nan).; YoY growths not calc: Missing current period or previous year's same period report.
603321,梅轮电梯,2025-05-26,AdaptedMAPullbackStrategy,Daily,True,18.0555,True,,,,,,PEG-like not calc: Profit growth invalid or not positive for PEG (nan).; YoY growths not calc: Missing current period or previous year's same period report.
603331,百达精工,2025-05-26,AdaptedMAPullbackStrategy,Daily,True,60.9617,False,,,,,,PEG-like not calc: Profit growth invalid or not positive for PEG (nan).; YoY growths not calc: Missing current period or previous year's same period report.
603351,威尔药业,2025-05-26,AdaptedMAPullbackStrategy,Daily,True,25.7212,True,,,,,,PEG-like not calc: Profit growth invalid or not positive for PEG (nan).; YoY growths not calc: Missing current period or previous year's same period report.
603577,汇金通,2025-05-26,ChanBreakoutStrategyV8,Daily,True,20.4623,True,,,,,,PEG-like not calc: Profit growth invalid or not positive for PEG (nan).; YoY growths not calc: Missing current period or previous year's same period report.
603610,麒盛科技,2025-05-26,AdaptedMAPullbackStrategy,Daily,True,27.8660,True,,,,,,PEG-like not calc: Profit growth invalid or not positive for PEG (nan).; YoY growths not calc: Missing current period or previous year's same period report.
603681,永冠新材,2025-05-26,ChanBreakoutStrategyV8,Daily,True,19.8595,True,,,,,,PEG-like not calc: Profit growth invalid or not positive for PEG (nan).; YoY growths not calc: Missing current period or previous year's same period report.
603697,有友食品,2025-05-26,AdaptedMAPullbackStrategy,Daily,True,34.8798,False,,,,,,PEG-like not calc: Profit growth invalid or not positive for PEG (nan).; YoY growths not calc: Missing current period or previous year's same period report.
603719,良品铺子,2025-05-26,RefactoredMultiLevelCrossStrategy,daily,False,,,,,,,,3Y Profit: Not all checked recent/annual profits were positive.; PE not calculated: Invalid or non-positive annual profit for PE (-46104500.0).; PEG-like not calc: PE is NaN.; PEG-like not calc: Profit growth invalid or not positive for PEG (nan).; YoY growths not calc: Missing current period or previous year's same period report.
603777,来伊份,2025-05-26,RefactoredMultiLevelCrossStrategy,daily,False,,,,,,,,3Y Profit: Not all checked recent/annual profits were positive.; PE not calculated: Invalid or non-positive annual profit for PE (-75267600.0).; PEG-like not calc: PE is NaN.; PEG-like not calc: Profit growth invalid or not positive for PEG (nan).; YoY growths not calc: Missing current period or previous year's same period report.
603897,长城科技,2025-05-26,AdaptedMAPullbackStrategy,Daily,True,21.6578,True,,,,,,PEG-like not calc: Profit growth invalid or not positive for PEG (nan).; YoY growths not calc: Missing current period or previous year's same period report.
603938,三孚股份,2025-05-26,AdaptedMAPullbackStrategy,Daily,True,90.9065,False,,,,,,PEG-like not calc: Profit growth invalid or not positive for PEG (nan).; YoY growths not calc: Missing current period or previous year's same period report.
603966,法兰泰克,2025-05-26,AdaptedMAPullbackStrategy,Daily,True,21.6073,True,,,,,,PEG-like not calc: Profit growth invalid or not positive for PEG (nan).; YoY growths not calc: Missing current period or previous year's same period report.
603983,丸美生物,2025-05-26,AdaptedMAPullbackStrategy,Daily,True,56.4406,False,,,,,,PEG-like not calc: Profit growth invalid or not positive for PEG (nan).; YoY growths not calc: Missing current period or previous year's same period report.
605138,盛泰集团,2025-05-26,AdaptedMAPullbackStrategy,Daily,True,81.6967,False,,,,,,PEG-like not calc: Profit growth invalid or not positive for PEG (nan).; YoY growths not calc: Missing current period or previous year's same period report.
605167,利柏特,2025-05-26,ChanBreakoutStrategyV8,Daily,True,20.8167,True,,,,,,PEG-like not calc: Profit growth invalid or not positive for PEG (nan).; YoY growths not calc: Missing current period or previous year's same period report.
605169,洪通燃气,2025-05-26,AdaptedMAPullbackStrategy,Daily,True,17.5269,True,,,,,,PEG-like not calc: Profit growth invalid or not positive for PEG (nan).; YoY growths not calc: Missing current period or previous year's same period report.
605188,国光连锁,2025-05-26,AdaptedMAPullbackStrategy,Daily,True,2386.9040,False,,,,,,PEG-like not calc: Profit growth invalid or not positive for PEG (nan).; YoY growths not calc: Missing current period or previous year's same period report.
605337,李子园,2025-05-26,RefactoredMultiLevelCrossStrategy,daily,True,23.4721,True,,,,,,PEG-like not calc: Profit growth invalid or not positive for PEG (nan).; YoY growths not calc: Missing current period or previous year's same period report.
688011,新光光电,2025-05-26,AdaptedMAPullbackStrategy,Daily,False,,,,,,,,3Y Profit: Not all checked recent/annual profits were positive.; PE not calculated: Invalid or non-positive annual profit for PE (-67958400.0).; PEG-like not calc: PE is NaN.; PEG-like not calc: Profit growth invalid or not positive for PEG (nan).; YoY growths not calc: Missing current period or previous year's same period report.
688084,晶品特装,2025-05-26,AdaptedMAPullbackStrategy,Daily,False,,,,,,,,3Y Profit: Not all checked recent/annual profits were positive.; PE not calculated: Invalid or non-positive annual profit for PE (-57193000.0).; PEG-like not calc: PE is NaN.; PEG-like not calc: Profit growth invalid or not positive for PEG (nan).; YoY growths not calc: Missing current period or previous year's same period report.
688173,希荻微,2025-05-26,AdaptedMAPullbackStrategy,Daily,False,,,,,,,,3Y Profit: Not all checked recent/annual profits were positive.; PE not calculated: Invalid or non-positive annual profit for PE (-291000000.0).; PEG-like not calc: PE is NaN.; PEG-like not calc: Profit growth invalid or not positive for PEG (nan).; YoY growths not calc: Missing current period or previous year's same period report.
688233,神工股份,2025-05-26,AdaptedMAPullbackStrategy,Daily,False,110.5731,False,,,,,,3Y Profit: Not all checked recent/annual profits were positive.; PEG-like not calc: Profit growth invalid or not positive for PEG (nan).; YoY growths not calc: Missing current period or previous year's same period report.
688319,欧林生物,2025-05-26,RefactoredMultiLevelCrossStrategy,daily,False,333.7051,False,,,,,,3Y Profit: Not all checked recent/annual profits were positive.; PEG-like not calc: Profit growth invalid or not positive for PEG (nan).; YoY growths not calc: Missing current period or previous year's same period report.
688326,经纬恒润,2025-05-26,ChanBreakoutStrategyV8,Daily,False,,,,,,,,3Y Profit: Not all checked recent/annual profits were positive.; PE not calculated: Invalid or non-positive annual profit for PE (-550000000.0).; PEG-like not calc: PE is NaN.; PEG-like not calc: Profit growth invalid or not positive for PEG (nan).; YoY growths not calc: Missing current period or previous year's same period report.
688375,国博电子,2025-05-26,AdaptedMAPullbackStrategy,Daily,True,30.9384,False,,,,,,PEG-like not calc: Profit growth invalid or not positive for PEG (nan).; YoY growths not calc: Missing current period or previous year's same period report.
688409,富创精密,2025-05-26,RefactoredMultiLevelCrossStrategy,daily,False,44.6030,False,,,,,,3Y Profit: Not all checked recent/annual profits were positive.; PEG-like not calc: Profit growth invalid or not positive for PEG (nan).; YoY growths not calc: Missing current period or previous year's same period report.
688580,伟思医疗,2025-05-26,AdaptedMAPullbackStrategy,Daily,True,42.0563,False,,,,,,PEG-like not calc: Profit growth invalid or not positive for PEG (nan).; YoY growths not calc: Missing current period or previous year's same period report.
688602,康鹏科技,2025-05-26,AdaptedMAPullbackStrategy,Daily,False,,,,,,,,3Y Profit: Not all checked recent/annual profits were positive.; PE not calculated: Invalid or non-positive annual profit for PE (-49531600.0).; PEG-like not calc: PE is NaN.; PEG-like not calc: Profit growth invalid or not positive for PEG (nan).; YoY growths not calc: Missing current period or previous year's same period report.
688620,安凯微,2025-05-26,RefactoredMultiLevelCrossStrategy,daily,False,,,,,,,,3Y Profit: Not all checked recent/annual profits were positive.; PE not calculated: Invalid or non-positive annual profit for PE (-56768200.0).; PEG-like not calc: PE is NaN.; PEG-like not calc: Profit growth invalid or not positive for PEG (nan).; YoY growths not calc: Missing current period or previous year's same period report.
688682,霍莱沃,2025-05-26,AdaptedMAPullbackStrategy,Daily,True,184.5110,False,,,,,,PEG-like not calc: Profit growth invalid or not positive for PEG (nan).; YoY growths not calc: Missing current period or previous year's same period report.
688716,中研股份,2025-05-26,AdaptedMAPullbackStrategy,Daily,True,66.2815,False,,,,,,PEG-like not calc: Profit growth invalid or not positive for PEG (nan).; YoY growths not calc: Missing current period or previous year's same period report.
688719,爱科赛博,2025-05-26,ChanBreakoutStrategyV8,Daily,False,43.6611,False,,,,,,3Y Profit: Not all checked recent/annual profits were positive.; PEG-like not calc: Profit growth invalid or not positive for PEG (nan).; YoY growths not calc: Missing current period or previous year's same period report.
688722,同益中,2025-05-26,AdaptedMAPullbackStrategy,Daily,True,37.1623,False,,,,,,PEG-like not calc: Profit growth invalid or not positive for PEG (nan).; YoY growths not calc: Missing current period or previous year's same period report.
688737,中自科技,2025-05-26,AdaptedMAPullbackStrategy,Daily,False,,,,,,,,3Y Profit: Not all checked recent/annual profits were positive.; PE not calculated: Invalid or non-positive annual profit for PE (-26211600.0).; PEG-like not calc: PE is NaN.; PEG-like not calc: Profit growth invalid or not positive for PEG (nan).; YoY growths not calc: Missing current period or previous year's same period report.
430478,峆一药业,2025-05-26,AdaptedMAPullbackStrategy,Daily,True,20.2473,True,,,,,,PEG-like not calc: Profit growth invalid or not positive for PEG (nan).; YoY growths not calc: Missing current period or previous year's same period report.
831195,三祥科技,2025-05-26,AdaptedMAPullbackStrategy,Daily,True,19.1571,True,,,,,,PEG-like not calc: Profit growth invalid or not positive for PEG (nan).; YoY growths not calc: Missing current period or previous year's same period report.
831768,拾比佰,2025-05-26,AdaptedMAPullbackStrategy,Daily,False,,,,,,,,3Y Profit: Not all checked recent/annual profits were positive.; PE not calculated: Invalid or non-positive annual profit for PE (-3675000.0).; PEG-like not calc: PE is NaN.; PEG-like not calc: Profit growth invalid or not positive for PEG (nan).; YoY growths not calc: Missing current period or previous year's same period report.
831834,三维股份,2025-05-26,AdaptedMAPullbackStrategy,Daily,True,22.8413,True,,,,,,PEG-like not calc: Profit growth invalid or not positive for PEG (nan).; YoY growths not calc: Missing current period or previous year's same period report.
832802,保丽洁,2025-05-26,AdaptedMAPullbackStrategy,Daily,True,17.0107,True,,,,,,PEG-like not calc: Profit growth invalid or not positive for PEG (nan).; YoY growths not calc: Missing current period or previous year's same period report.
832876,慧为智能,2025-05-26,AdaptedMAPullbackStrategy,Daily,True,815.3326,False,,,,,,PEG-like not calc: Profit growth invalid or not positive for PEG (nan).; YoY growths not calc: Missing current period or previous year's same period report.
833266,生物谷,2025-05-26,AdaptedMAPullbackStrategy,Daily,False,,,,,,,,3Y Profit: Not all checked recent/annual profits were positive.; PE not calculated: Invalid or non-positive annual profit for PE (-74401000.0).; PEG-like not calc: PE is NaN.; PEG-like not calc: Profit growth invalid or not positive for PEG (nan).; YoY growths not calc: Missing current period or previous year's same period report.
833429,康比特,2025-05-26,AdaptedMAPullbackStrategy,Daily,True,34.3784,False,,,,,,PEG-like not calc: Profit growth invalid or not positive for PEG (nan).; YoY growths not calc: Missing current period or previous year's same period report.
833454,同心传动,2025-05-26,AdaptedMAPullbackStrategy,Daily,True,47.3362,False,,,,,,PEG-like not calc: Profit growth invalid or not positive for PEG (nan).; YoY growths not calc: Missing current period or previous year's same period report.
833580,科创新材,2025-05-26,AdaptedMAPullbackStrategy,Daily,True,81.4000,False,,,,,,PEG-like not calc: Profit growth invalid or not positive for PEG (nan).; YoY growths not calc: Missing current period or previous year's same period report.
833781,瑞奇智造,2025-05-26,RefactoredMultiLevelCrossStrategy,daily,False,62.3878,False,,,,,,3Y Profit: Not all checked recent/annual profits were positive.; PEG-like not calc: Profit growth invalid or not positive for PEG (nan).; YoY growths not calc: Missing current period or previous year's same period report.
833943,优机股份,2025-05-26,AdaptedMAPullbackStrategy,Daily,True,12.3888,True,,,,,,PEG-like not calc: Profit growth invalid or not positive for PEG (nan).; YoY growths not calc: Missing current period or previous year's same period report.
834261,一诺威,2025-05-26,AdaptedMAPullbackStrategy,Daily,True,15.1702,True,,,,,,PEG-like not calc: Profit growth invalid or not positive for PEG (nan).; YoY growths not calc: Missing current period or previous year's same period report.
834639,晨光电缆,2025-05-26,RefactoredMultiLevelCrossStrategy,daily,True,46.4428,False,,,,,,PEG-like not calc: Profit growth invalid or not positive for PEG (nan).; YoY growths not calc: Missing current period or previous year's same period report.
835892,中科美菱,2025-05-26,RefactoredMultiLevelCrossStrategy,daily,True,34.9950,False,,,,,,PEG-like not calc: Profit growth invalid or not positive for PEG (nan).; YoY growths not calc: Missing current period or previous year's same period report.
836247,华密新材,2025-05-26,AdaptedMAPullbackStrategy,Daily,True,60.6398,False,,,,,,PEG-like not calc: Profit growth invalid or not positive for PEG (nan).; YoY growths not calc: Missing current period or previous year's same period report.
836419,万德股份,2025-05-26,AdaptedMAPullbackStrategy,Daily,True,29.3867,True,,,,,,PEG-like not calc: Profit growth invalid or not positive for PEG (nan).; YoY growths not calc: Missing current period or previous year's same period report.
836717,瑞星股份,2025-05-26,RefactoredMultiLevelCrossStrategy,daily,True,32.4229,False,,,,,,PEG-like not calc: Profit growth invalid or not positive for PEG (nan).; YoY growths not calc: Missing current period or previous year's same period report.
837242,建邦科技,2025-05-26,AdaptedMAPullbackStrategy,Daily,True,12.0114,True,,,,,,PEG-like not calc: Profit growth invalid or not positive for PEG (nan).; YoY growths not calc: Missing current period or previous year's same period report.
837748,路桥信息,2025-05-26,RefactoredMultiLevelCrossStrategy,daily,False,78.2011,False,,,,,,3Y Profit: Not all checked recent/annual profits were positive.; PEG-like not calc: Profit growth invalid or not positive for PEG (nan).; YoY growths not calc: Missing current period or previous year's same period report.
838163,方大新材,2025-05-26,AdaptedMAPullbackStrategy,Daily,True,24.2507,True,,,,,,PEG-like not calc: Profit growth invalid or not positive for PEG (nan).; YoY growths not calc: Missing current period or previous year's same period report.
839946,华阳变速,2025-05-26,AdaptedMAPullbackStrategy,Daily,False,,,,,,,,3Y Profit: Not all checked recent/annual profits were positive.; PE not calculated: Invalid or non-positive annual profit for PE (-16306700.0).; PEG-like not calc: PE is NaN.; PEG-like not calc: Profit growth invalid or not positive for PEG (nan).; YoY growths not calc: Missing current period or previous year's same period report.
870656,海昇药业,2025-05-26,AdaptedMAPullbackStrategy,Daily,True,9.8657,True,,,,,,PEG-like not calc: Profit growth invalid or not positive for PEG (nan).; YoY growths not calc: Missing current period or previous year's same period report.
870976,视声智能,2025-05-26,RefactoredMultiLevelCrossStrategy,daily,True,24.9972,True,,,,,,PEG-like not calc: Profit growth invalid or not positive for PEG (nan).; YoY growths not calc: Missing current period or previous year's same period report.
871263,莱赛激光,2025-05-26,AdaptedMAPullbackStrategy,Daily,False,,,,,,,,3Y Profit: Not all checked recent/annual profits were positive.; PE not calculated: Invalid or non-positive annual profit for PE (-8518100.0).; PEG-like not calc: PE is NaN.; PEG-like not calc: Profit growth invalid or not positive for PEG (nan).; YoY growths not calc: Missing current period or previous year's same period report.
871642,通易航天,2025-05-26,AdaptedMAPullbackStrategy,Daily,False,,,,,,,,3Y Profit: Not all checked recent/annual profits were positive.; PE not calculated: Invalid or non-positive annual profit for PE (-1584800.0).; PEG-like not calc: PE is NaN.; PEG-like not calc: Profit growth invalid or not positive for PEG (nan).; YoY growths not calc: Missing current period or previous year's same period report.
871694,中裕科技,2025-05-26,AdaptedMAPullbackStrategy,Daily,True,11.6491,True,,,,,,PEG-like not calc: Profit growth invalid or not positive for PEG (nan).; YoY growths not calc: Missing current period or previous year's same period report.
873703,广厦环能,2025-05-26,RefactoredMultiLevelCrossStrategy,daily,True,9.3753,True,,,,,,PEG-like not calc: Profit growth invalid or not positive for PEG (nan).; YoY growths not calc: Missing current period or previous year's same period report.
920066,科拜尔,2025-05-26,AdaptedMAPullbackStrategy,Daily,True,11.3553,True,,,,,,PEG-like not calc: Profit growth invalid or not positive for PEG (nan).; YoY growths not calc: Missing current period or previous year's same period report.
920819,颖泰生物,2025-05-26,AdaptedMAPullbackStrategy,Daily,False,,,,,,,,3Y Profit: Not all checked recent/annual profits were positive.; PE not calculated: Invalid or non-positive annual profit for PE (-587000000.0).; PEG-like not calc: PE is NaN.; PEG-like not calc: Profit growth invalid or not positive for PEG (nan).; YoY growths not calc: Missing current period or previous year's same period report.
